row_id,timestamp,employee_id,greenhouse_id,action
441,2025-05-01T08:21:30,EMP8,GH2,IN
502,2025-05-01T08:27:07,EMP9,GH2,OUT
248,2025-05-01T08:27:57,EMP5,GH1,IN
375,2025-05-01T08:56:35,EMP7,GH1,OUT
566,2025-05-01T09:39:32,EMP10,GH2,IN
184,2025-05-01T10:02:55,EMP4,GH2,IN
313,2025-05-01T10:20:35,EMP6,GH1,OUT
503,2025-05-01T12:44:06,EMP9,GH2,IN
2,2025-05-01T12:56:59,EMP1,GH3,OUT
60,2025-05-01T13:14:56,EMP2,GH3,OUT
377,2025-05-01T14:50:45,EMP7,GH1,OUT
504,2025-05-01T15:38:11,EMP9,GH2,OUT
122,2025-05-01T15:58:58,EMP3,GH3,OUT
442,2025-05-01T16:29:30,EMP8,GH2,OUT
1,2025-05-01T16:47:50,EMP1,GH3,OUT
247,2025-05-01T17:08:37,EMP5,GH1,OUT
0,2025-05-01T17:42:09,EMP1,GH3,OUT
376,2025-05-01T17:52:32,EMP7,GH1,OUT
185,2025-05-01T18:51:14,EMP4,GH2,IN
61,2025-05-01T19:47:39,EMP2,GH3,IN
567,2025-05-02T07:51:48,EMP10,GH3,IN
443,2025-05-02T08:28:19,EMP8,GH3,IN
250,2025-05-02T08:40:25,EMP5,GH1,OUT
188,2025-05-02T10:30:31,EMP4,GH1,IN
505,2025-05-02T10:59:33,EMP9,GH3,IN
62,2025-05-02T11:48:14,EMP2,GH1,IN
506,2025-05-02T11:57:54,EMP9,GH3,OUT
4,2025-05-02T13:23:12,EMP1,GH3,OUT
63,2025-05-02T13:38:20,EMP2,GH1,OUT
380,2025-05-02T13:39:48,EMP7,GH3,IN
187,2025-05-02T13:55:34,EMP4,GH1,OUT
444,2025-05-02T14:03:09,EMP8,GH3,OUT
379,2025-05-02T15:22:28,EMP7,GH3,OUT
64,2025-05-02T15:47:30,EMP2,GH1,OUT
123,2025-05-02T16:05:45,EMP3,GH3,IN
378,2025-05-02T16:24:19,EMP7,GH3,IN
314,2025-05-02T16:42:44,EMP6,GH1,IN
5,2025-05-02T17:58:19,EMP1,GH3,IN
3,2025-05-02T19:48:50,EMP1,GH3,OUT
186,2025-05-02T19:49:21,EMP4,GH1,IN
249,2025-05-02T20:19:38,EMP5,GH1,IN
65,2025-05-03T06:08:35,EMP2,GH1,OUT
315,2025-05-03T07:07:47,EMP6,GH2,IN
253,2025-05-03T07:11:29,EMP5,GH3,IN
126,2025-05-03T07:34:28,EMP3,GH3,OUT
445,2025-05-03T08:44:30,EMP8,GH1,IN
67,2025-05-03T08:48:45,EMP2,GH1,OUT
507,2025-05-03T08:51:04,EMP9,GH1,IN
382,2025-05-03T09:32:18,EMP7,GH3,OUT
251,2025-05-03T09:51:38,EMP5,GH3,OUT
383,2025-05-03T10:11:33,EMP7,GH3,OUT
7,2025-05-03T11:57:18,EMP1,GH1,OUT
66,2025-05-03T13:31:31,EMP2,GH1,OUT
381,2025-05-03T13:43:41,EMP7,GH3,IN
446,2025-05-03T14:29:27,EMP8,GH1,IN
6,2025-05-03T15:03:10,EMP1,GH1,OUT
8,2025-05-03T15:03:53,EMP1,GH1,IN
125,2025-05-03T16:38:04,EMP3,GH3,IN
252,2025-05-03T16:41:39,EMP5,GH3,OUT
569,2025-05-03T16:50:48,EMP10,GH3,IN
189,2025-05-03T16:56:44,EMP4,GH3,OUT
509,2025-05-03T17:42:08,EMP9,GH1,IN
568,2025-05-03T18:19:21,EMP10,GH3,OUT
508,2025-05-03T19:10:44,EMP9,GH1,OUT
124,2025-05-03T20:31:11,EMP3,GH3,OUT
384,2025-05-04T06:54:33,EMP7,GH1,OUT
255,2025-05-04T08:05:20,EMP5,GH2,IN
192,2025-05-04T09:37:41,EMP4,GH2,IN
191,2025-05-04T09:40:51,EMP4,GH2,OUT
190,2025-05-04T10:49:00,EMP4,GH2,OUT
128,2025-05-04T11:04:24,EMP3,GH2,IN
449,2025-05-04T12:08:27,EMP8,GH2,IN
317,2025-05-04T12:53:08,EMP6,GH2,OUT
570,2025-05-04T13:08:52,EMP10,GH2,IN
254,2025-05-04T13:14:40,EMP5,GH2,IN
9,2025-05-04T15:20:21,EMP1,GH3,OUT
385,2025-05-04T15:35:28,EMP7,GH1,IN
68,2025-05-04T16:49:16,EMP2,GH3,OUT
510,2025-05-04T17:02:30,EMP9,GH3,IN
448,2025-05-04T17:09:15,EMP8,GH2,IN
447,2025-05-04T17:33:08,EMP8,GH2,OUT
127,2025-05-04T17:46:37,EMP3,GH2,OUT
386,2025-05-04T20:17:58,EMP7,GH1,OUT
316,2025-05-04T20:54:14,EMP6,GH2,OUT
71,2025-05-05T06:46:48,EMP2,GH3,OUT
69,2025-05-05T07:40:46,EMP2,GH3,IN
256,2025-05-05T08:14:40,EMP5,GH1,IN
195,2025-05-05T08:14:53,EMP4,GH2,IN
452,2025-05-05T08:21:40,EMP8,GH3,OUT
571,2025-05-05T09:07:46,EMP10,GH2,IN
318,2025-05-05T09:40:33,EMP6,GH1,OUT
194,2025-05-05T10:00:54,EMP4,GH2,IN
451,2025-05-05T11:02:55,EMP8,GH3,IN
10,2025-05-05T11:50:43,EMP1,GH1,OUT
193,2025-05-05T12:57:28,EMP4,GH2,IN
512,2025-05-05T14:04:40,EMP9,GH1,IN
11,2025-05-05T15:35:22,EMP1,GH1,IN
511,2025-05-05T16:57:00,EMP9,GH1,OUT
129,2025-05-05T17:07:19,EMP3,GH3,OUT
70,2025-05-05T17:31:11,EMP2,GH3,IN
319,2025-05-05T17:35:19,EMP6,GH1,IN
387,2025-05-05T18:21:08,EMP7,GH2,OUT
450,2025-05-05T18:31:24,EMP8,GH3,OUT
572,2025-05-05T20:47:28,EMP10,GH2,OUT
322,2025-05-06T06:02:49,EMP6,GH3,OUT
573,2025-05-06T06:33:19,EMP10,GH2,OUT
14,2025-05-06T09:05:25,EMP1,GH3,IN
454,2025-05-06T09:18:05,EMP8,GH1,IN
72,2025-05-06T10:14:39,EMP2,GH3,OUT
513,2025-05-06T10:18:08,EMP9,GH2,OUT
514,2025-05-06T10:46:44,EMP9,GH2,IN
12,2025-05-06T11:55:36,EMP1,GH3,OUT
196,2025-05-06T11:55:37,EMP4,GH3,IN
320,2025-05-06T13:16:43,EMP6,GH3,IN
198,2025-05-06T13:27:21,EMP4,GH3,IN
258,2025-05-06T14:20:34,EMP5,GH2,OUT
321,2025-05-06T16:41:49,EMP6,GH3,IN
73,2025-05-06T17:17:01,EMP2,GH3,IN
257,2025-05-06T17:33:24,EMP5,GH2,OUT
453,2025-05-06T17:55:06,EMP8,GH1,OUT
13,2025-05-06T19:23:54,EMP1,GH3,OUT
130,2025-05-06T19:41:35,EMP3,GH1,OUT
197,2025-05-06T20:09:40,EMP4,GH3,OUT
388,2025-05-06T20:24:04,EMP7,GH3,IN
259,2025-05-07T06:08:29,EMP5,GH1,OUT
74,2025-05-07T07:00:04,EMP2,GH2,IN
516,2025-05-07T07:28:41,EMP9,GH3,OUT
574,2025-05-07T09:17:13,EMP10,GH2,OUT
260,2025-05-07T10:28:26,EMP5,GH1,OUT
15,2025-05-07T12:18:40,EMP1,GH2,IN
323,2025-05-07T12:29:17,EMP6,GH1,IN
16,2025-05-07T12:36:07,EMP1,GH2,OUT
132,2025-05-07T13:44:03,EMP3,GH3,OUT
324,2025-05-07T14:48:27,EMP6,GH1,OUT
75,2025-05-07T15:30:13,EMP2,GH2,IN
199,2025-05-07T15:44:00,EMP4,GH1,IN
261,2025-05-07T15:48:29,EMP5,GH1,OUT
455,2025-05-07T16:48:37,EMP8,GH2,IN
131,2025-05-07T16:49:41,EMP3,GH3,IN
515,2025-05-07T17:09:57,EMP9,GH3,OUT
389,2025-05-07T18:03:52,EMP7,GH3,OUT
517,2025-05-07T18:23:53,EMP9,GH3,IN
200,2025-05-07T18:44:10,EMP4,GH1,OUT
133,2025-05-08T06:08:19,EMP3,GH1,OUT
518,2025-05-08T07:22:32,EMP9,GH1,IN
519,2025-05-08T07:33:43,EMP9,GH1,OUT
17,2025-05-08T09:03:10,EMP1,GH2,OUT
575,2025-05-08T09:54:00,EMP10,GH3,OUT
520,2025-05-08T10:10:29,EMP9,GH1,OUT
325,2025-05-08T10:27:13,EMP6,GH1,OUT
201,2025-05-08T10:49:09,EMP4,GH3,OUT
77,2025-05-08T11:00:24,EMP2,GH3,IN
576,2025-05-08T12:02:57,EMP10,GH3,IN
18,2025-05-08T13:02:18,EMP1,GH2,OUT
262,2025-05-08T13:04:55,EMP5,GH2,OUT
456,2025-05-08T13:31:34,EMP8,GH1,OUT
327,2025-05-08T13:40:07,EMP6,GH1,IN
390,2025-05-08T14:09:02,EMP7,GH2,IN
19,2025-05-08T14:26:08,EMP1,GH2,OUT
202,2025-05-08T14:49:39,EMP4,GH3,OUT
391,2025-05-08T16:23:42,EMP7,GH2,IN
76,2025-05-08T16:42:27,EMP2,GH3,OUT
457,2025-05-08T18:27:08,EMP8,GH1,OUT
326,2025-05-08T18:54:57,EMP6,GH1,OUT
203,2025-05-08T19:07:54,EMP4,GH3,OUT
78,2025-05-08T20:00:42,EMP2,GH3,IN
458,2025-05-08T20:18:32,EMP8,GH1,IN
263,2025-05-09T06:19:02,EMP5,GH2,OUT
79,2025-05-09T06:28:17,EMP2,GH2,IN
20,2025-05-09T06:42:57,EMP1,GH1,OUT
459,2025-05-09T07:26:01,EMP8,GH1,OUT
393,2025-05-09T08:07:47,EMP7,GH3,IN
134,2025-05-09T08:28:34,EMP3,GH3,IN
264,2025-05-09T08:29:24,EMP5,GH2,IN
328,2025-05-09T09:32:54,EMP6,GH3,IN
330,2025-05-09T09:38:40,EMP6,GH3,IN
579,2025-05-09T11:31:56,EMP10,GH2,OUT
460,2025-05-09T11:53:29,EMP8,GH1,IN
204,2025-05-09T12:43:31,EMP4,GH3,OUT
577,2025-05-09T13:26:39,EMP10,GH2,OUT
329,2025-05-09T13:52:56,EMP6,GH3,IN
578,2025-05-09T14:21:36,EMP10,GH2,OUT
521,2025-05-09T16:10:47,EMP9,GH1,IN
392,2025-05-09T18:32:03,EMP7,GH3,IN
394,2025-05-09T20:31:27,EMP7,GH3,IN
522,2025-05-09T20:43:23,EMP9,GH1,IN
524,2025-05-10T06:49:58,EMP9,GH3,OUT
580,2025-05-10T07:58:21,EMP10,GH2,OUT
136,2025-05-10T08:31:38,EMP3,GH2,OUT
395,2025-05-10T08:37:34,EMP7,GH2,OUT
461,2025-05-10T10:01:13,EMP8,GH1,IN
331,2025-05-10T10:11:09,EMP6,GH2,OUT
80,2025-05-10T10:38:53,EMP2,GH1,IN
21,2025-05-10T12:40:48,EMP1,GH1,IN
525,2025-05-10T12:49:54,EMP9,GH3,OUT
265,2025-05-10T13:26:40,EMP5,GH1,IN
135,2025-05-10T17:40:15,EMP3,GH2,IN
332,2025-05-10T17:41:02,EMP6,GH2,IN
137,2025-05-10T18:43:08,EMP3,GH2,IN
396,2025-05-10T19:35:00,EMP7,GH2,OUT
523,2025-05-10T20:32:09,EMP9,GH3,OUT
205,2025-05-10T20:41:32,EMP4,GH3,OUT
268,2025-05-11T06:09:48,EMP5,GH3,OUT
138,2025-05-11T07:48:21,EMP3,GH1,OUT
266,2025-05-11T08:58:13,EMP5,GH3,OUT
208,2025-05-11T09:02:57,EMP4,GH2,OUT
24,2025-05-11T09:28:17,EMP1,GH2,IN
207,2025-05-11T09:37:59,EMP4,GH2,OUT
581,2025-05-11T10:13:04,EMP10,GH3,IN
206,2025-05-11T12:26:00,EMP4,GH2,IN
22,2025-05-11T12:28:15,EMP1,GH2,OUT
397,2025-05-11T13:04:22,EMP7,GH3,IN
82,2025-05-11T14:18:21,EMP2,GH2,OUT
267,2025-05-11T14:28:00,EMP5,GH3,IN
139,2025-05-11T15:02:48,EMP3,GH1,IN
528,2025-05-11T15:42:34,EMP9,GH2,IN
81,2025-05-11T17:16:50,EMP2,GH2,OUT
23,2025-05-11T17:25:03,EMP1,GH2,OUT
333,2025-05-11T17:49:06,EMP6,GH1,OUT
582,2025-05-11T17:49:17,EMP10,GH3,IN
462,2025-05-11T17:50:37,EMP8,GH1,OUT
527,2025-05-11T17:50:47,EMP9,GH2,OUT
526,2025-05-11T18:14:47,EMP9,GH2,IN
463,2025-05-11T20:22:26,EMP8,GH1,IN
464,2025-05-12T06:47:37,EMP8,GH3,OUT
84,2025-05-12T07:06:29,EMP2,GH1,IN
529,2025-05-12T10:08:06,EMP9,GH2,OUT
269,2025-05-12T12:23:18,EMP5,GH1,IN
398,2025-05-12T12:32:25,EMP7,GH3,OUT
335,2025-05-12T12:55:32,EMP6,GH3,IN
210,2025-05-12T13:12:01,EMP4,GH1,OUT
583,2025-05-12T14:18:39,EMP10,GH2,OUT
25,2025-05-12T16:52:45,EMP1,GH1,OUT
334,2025-05-12T16:52:58,EMP6,GH3,OUT
83,2025-05-12T17:51:20,EMP2,GH1,IN
209,2025-05-12T18:36:39,EMP4,GH1,OUT
584,2025-05-12T19:40:35,EMP10,GH2,OUT
141,2025-05-12T20:02:49,EMP3,GH3,IN
140,2025-05-12T20:10:52,EMP3,GH3,IN
28,2025-05-13T06:06:52,EMP1,GH1,IN
271,2025-05-13T06:51:07,EMP5,GH1,OUT
143,2025-05-13T06:59:49,EMP3,GH2,OUT
212,2025-05-13T07:40:25,EMP4,GH1,IN
336,2025-05-13T07:43:05,EMP6,GH1,OUT
466,2025-05-13T10:44:23,EMP8,GH2,IN
85,2025-05-13T11:16:09,EMP2,GH1,IN
213,2025-05-13T13:23:02,EMP4,GH1,OUT
270,2025-05-13T14:30:44,EMP5,GH1,OUT
211,2025-05-13T14:52:09,EMP4,GH1,OUT
585,2025-05-13T14:53:12,EMP10,GH2,OUT
530,2025-05-13T14:54:08,EMP9,GH1,IN
26,2025-05-13T15:09:03,EMP1,GH1,IN
465,2025-05-13T16:06:11,EMP8,GH2,IN
399,2025-05-13T16:12:39,EMP7,GH2,OUT
586,2025-05-13T16:31:10,EMP10,GH2,OUT
272,2025-05-13T17:00:41,EMP5,GH1,IN
27,2025-05-13T18:43:07,EMP1,GH1,IN
142,2025-05-13T20:49:35,EMP3,GH2,OUT
468,2025-05-14T07:09:20,EMP8,GH2,IN
29,2025-05-14T07:27:51,EMP1,GH3,OUT
146,2025-05-14T08:09:36,EMP3,GH1,OUT
144,2025-05-14T08:10:53,EMP3,GH1,OUT
588,2025-05-14T09:11:57,EMP10,GH2,OUT
273,2025-05-14T10:54:41,EMP5,GH1,IN
589,2025-05-14T11:07:22,EMP10,GH2,IN
467,2025-05-14T11:13:32,EMP8,GH2,OUT
401,2025-05-14T11:38:20,EMP7,GH1,IN
532,2025-05-14T12:05:33,EMP9,GH3,IN
274,2025-05-14T13:15:50,EMP5,GH1,IN
214,2025-05-14T13:34:25,EMP4,GH2,IN
531,2025-05-14T13:58:58,EMP9,GH3,IN
338,2025-05-14T16:54:21,EMP6,GH3,IN
339,2025-05-14T16:59:22,EMP6,GH3,IN
30,2025-05-14T17:30:51,EMP1,GH3,OUT
88,2025-05-14T17:32:19,EMP2,GH3,IN
337,2025-05-14T17:41:17,EMP6,GH3,OUT
145,2025-05-14T18:03:39,EMP3,GH1,IN
86,2025-05-14T18:48:01,EMP2,GH3,IN
587,2025-05-14T18:56:35,EMP10,GH2,OUT
400,2025-05-14T19:22:03,EMP7,GH1,OUT
87,2025-05-14T20:13:17,EMP2,GH3,IN
402,2025-05-14T20:26:25,EMP7,GH1,OUT
590,2025-05-15T06:25:28,EMP10,GH3,OUT
533,2025-05-15T07:00:43,EMP9,GH3,OUT
340,2025-05-15T07:04:20,EMP6,GH1,OUT
469,2025-05-15T07:34:51,EMP8,GH2,IN
215,2025-05-15T07:46:02,EMP4,GH1,OUT
31,2025-05-15T08:46:20,EMP1,GH2,OUT
276,2025-05-15T09:39:08,EMP5,GH3,OUT
534,2025-05-15T10:50:12,EMP9,GH3,IN
341,2025-05-15T11:05:46,EMP6,GH1,IN
470,2025-05-15T11:48:10,EMP8,GH2,IN
403,2025-05-15T11:59:41,EMP7,GH1,OUT
91,2025-05-15T12:29:47,EMP2,GH2,IN
404,2025-05-15T12:35:28,EMP7,GH1,OUT
148,2025-05-15T16:34:42,EMP3,GH1,IN
216,2025-05-15T16:57:57,EMP4,GH1,OUT
275,2025-05-15T18:22:47,EMP5,GH3,IN
147,2025-05-15T18:29:13,EMP3,GH1,IN
535,2025-05-15T19:16:56,EMP9,GH3,IN
89,2025-05-15T19:17:14,EMP2,GH2,OUT
90,2025-05-15T19:46:02,EMP2,GH2,OUT
217,2025-05-16T06:38:27,EMP4,GH1,OUT
149,2025-05-16T08:50:23,EMP3,GH1,IN
536,2025-05-16T09:42:35,EMP9,GH2,OUT
150,2025-05-16T09:48:44,EMP3,GH1,IN
471,2025-05-16T11:26:28,EMP8,GH1,IN
278,2025-05-16T11:54:35,EMP5,GH2,OUT
472,2025-05-16T11:57:56,EMP8,GH1,IN
406,2025-05-16T12:14:03,EMP7,GH1,OUT
342,2025-05-16T13:11:00,EMP6,GH1,OUT
92,2025-05-16T13:28:14,EMP2,GH3,IN
218,2025-05-16T13:59:27,EMP4,GH1,IN
473,2025-05-16T14:05:49,EMP8,GH1,IN
343,2025-05-16T14:51:26,EMP6,GH1,IN
32,2025-05-16T15:44:51,EMP1,GH1,OUT
405,2025-05-16T16:04:24,EMP7,GH1,OUT
93,2025-05-16T17:55:28,EMP2,GH3,IN
279,2025-05-16T19:22:07,EMP5,GH2,IN
277,2025-05-16T19:23:56,EMP5,GH2,OUT
591,2025-05-16T20:27:49,EMP10,GH2,OUT
345,2025-05-17T06:53:09,EMP6,GH3,IN
538,2025-05-17T06:55:09,EMP9,GH3,IN
407,2025-05-17T07:59:15,EMP7,GH2,OUT
281,2025-05-17T08:02:18,EMP5,GH1,OUT
219,2025-05-17T08:07:22,EMP4,GH1,IN
537,2025-05-17T08:40:52,EMP9,GH3,OUT
592,2025-05-17T08:57:00,EMP10,GH1,IN
33,2025-05-17T09:50:49,EMP1,GH3,OUT
94,2025-05-17T11:31:02,EMP2,GH1,OUT
152,2025-05-17T11:55:30,EMP3,GH2,OUT
95,2025-05-17T15:11:47,EMP2,GH1,IN
34,2025-05-17T17:01:18,EMP1,GH3,IN
474,2025-05-17T18:09:17,EMP8,GH1,OUT
282,2025-05-17T18:34:50,EMP5,GH1,IN
280,2025-05-17T19:21:51,EMP5,GH1,IN
151,2025-05-17T19:45:05,EMP3,GH2,OUT
344,2025-05-17T20:25:06,EMP6,GH3,OUT
348,2025-05-18T06:03:56,EMP6,GH3,OUT
155,2025-05-18T07:47:03,EMP3,GH1,IN
475,2025-05-18T08:17:37,EMP8,GH2,IN
35,2025-05-18T08:18:29,EMP1,GH2,OUT
153,2025-05-18T09:00:01,EMP3,GH1,IN
593,2025-05-18T09:16:03,EMP10,GH2,OUT
154,2025-05-18T09:42:41,EMP3,GH1,IN
408,2025-05-18T11:10:51,EMP7,GH2,OUT
347,2025-05-18T13:54:51,EMP6,GH3,OUT
476,2025-05-18T14:03:06,EMP8,GH2,OUT
477,2025-05-18T14:23:10,EMP8,GH2,OUT
410,2025-05-18T14:27:18,EMP7,GH2,OUT
541,2025-05-18T14:43:01,EMP9,GH1,IN
409,2025-05-18T15:05:18,EMP7,GH2,IN
283,2025-05-18T15:07:12,EMP5,GH2,OUT
539,2025-05-18T15:18:55,EMP9,GH1,IN
221,2025-05-18T15:30:50,EMP4,GH3,OUT
284,2025-05-18T15:39:33,EMP5,GH2,OUT
96,2025-05-18T15:52:04,EMP2,GH1,IN
346,2025-05-18T17:15:49,EMP6,GH3,IN
97,2025-05-18T17:32:50,EMP2,GH1,OUT
540,2025-05-18T19:10:21,EMP9,GH1,OUT
220,2025-05-18T20:57:28,EMP4,GH3,OUT
222,2025-05-19T07:55:32,EMP4,GH2,OUT
98,2025-05-19T08:55:08,EMP2,GH3,IN
594,2025-05-19T09:39:35,EMP10,GH2,OUT
285,2025-05-19T09:59:20,EMP5,GH1,OUT
542,2025-05-19T10:06:01,EMP9,GH3,IN
411,2025-05-19T10:29:26,EMP7,GH1,OUT
157,2025-05-19T11:24:05,EMP3,GH3,IN
412,2025-05-19T11:59:54,EMP7,GH1,OUT
478,2025-05-19T13:22:03,EMP8,GH1,IN
479,2025-05-19T13:23:13,EMP8,GH1,OUT
223,2025-05-19T13:51:43,EMP4,GH2,IN
156,2025-05-19T14:09:47,EMP3,GH3,OUT
350,2025-05-19T14:11:34,EMP6,GH2,IN
38,2025-05-19T15:02:35,EMP1,GH1,IN
37,2025-05-19T15:45:10,EMP1,GH1,IN
543,2025-05-19T16:21:20,EMP9,GH3,OUT
351,2025-05-19T17:01:52,EMP6,GH2,IN
286,2025-05-19T17:44:03,EMP5,GH1,IN
595,2025-05-19T18:28:02,EMP10,GH2,OUT
349,2025-05-19T19:59:43,EMP6,GH2,IN
36,2025-05-19T20:12:26,EMP1,GH1,IN
288,2025-05-20T06:23:27,EMP5,GH2,IN
413,2025-05-20T07:45:29,EMP7,GH1,OUT
596,2025-05-20T07:47:13,EMP10,GH1,IN
159,2025-05-20T08:21:36,EMP3,GH3,IN
41,2025-05-20T09:17:26,EMP1,GH3,IN
158,2025-05-20T09:41:29,EMP3,GH3,OUT
352,2025-05-20T09:51:00,EMP6,GH1,IN
482,2025-05-20T09:55:00,EMP8,GH2,IN
40,2025-05-20T10:01:36,EMP1,GH3,OUT
100,2025-05-20T10:59:23,EMP2,GH3,IN
415,2025-05-20T11:20:35,EMP7,GH1,IN
481,2025-05-20T12:30:55,EMP8,GH2,OUT
287,2025-05-20T13:17:50,EMP5,GH2,IN
224,2025-05-20T14:07:41,EMP4,GH2,OUT
99,2025-05-20T14:34:30,EMP2,GH3,IN
39,2025-05-20T15:29:21,EMP1,GH3,IN
544,2025-05-20T15:42:03,EMP9,GH1,IN
414,2025-05-20T15:48:21,EMP7,GH1,IN
480,2025-05-20T20:29:04,EMP8,GH2,OUT
353,2025-05-21T06:32:56,EMP6,GH3,OUT
545,2025-05-21T06:38:45,EMP9,GH3,OUT
355,2025-05-21T06:42:13,EMP6,GH3,OUT
483,2025-05-21T07:47:53,EMP8,GH1,OUT
597,2025-05-21T07:56:46,EMP10,GH1,IN
101,2025-05-21T09:36:42,EMP2,GH2,OUT
417,2025-05-21T09:53:22,EMP7,GH3,OUT
354,2025-05-21T10:12:05,EMP6,GH3,OUT
160,2025-05-21T11:13:15,EMP3,GH2,IN
416,2025-05-21T11:45:53,EMP7,GH3,IN
161,2025-05-21T11:55:25,EMP3,GH2,IN
546,2025-05-21T13:57:08,EMP9,GH3,OUT
289,2025-05-21T16:03:26,EMP5,GH3,IN
226,2025-05-21T17:04:59,EMP4,GH3,OUT
227,2025-05-21T17:26:24,EMP4,GH3,OUT
225,2025-05-21T18:18:39,EMP4,GH3,IN
42,2025-05-21T19:34:49,EMP1,GH1,OUT
547,2025-05-22T06:09:01,EMP9,GH3,OUT
292,2025-05-22T06:37:56,EMP5,GH1,OUT
228,2025-05-22T06:53:05,EMP4,GH3,IN
229,2025-05-22T08:06:27,EMP4,GH3,OUT
356,2025-05-22T08:16:58,EMP6,GH1,IN
103,2025-05-22T08:24:56,EMP2,GH1,OUT
419,2025-05-22T10:03:15,EMP7,GH1,IN
358,2025-05-22T10:23:21,EMP6,GH1,OUT
162,2025-05-22T11:05:55,EMP3,GH1,IN
548,2025-05-22T11:50:55,EMP9,GH3,OUT
486,2025-05-22T12:44:23,EMP8,GH3,IN
485,2025-05-22T13:12:52,EMP8,GH3,IN
290,2025-05-22T14:15:20,EMP5,GH1,IN
291,2025-05-22T14:15:25,EMP5,GH1,OUT
600,2025-05-22T14:28:57,EMP10,GH1,IN
598,2025-05-22T15:01:35,EMP10,GH1,IN
43,2025-05-22T15:26:07,EMP1,GH3,IN
418,2025-05-22T15:26:44,EMP7,GH1,OUT
599,2025-05-22T15:39:29,EMP10,GH1,OUT
357,2025-05-22T15:47:45,EMP6,GH1,IN
230,2025-05-22T16:11:54,EMP4,GH3,OUT
484,2025-05-22T16:26:03,EMP8,GH3,IN
102,2025-05-22T20:54:57,EMP2,GH1,OUT
164,2025-05-23T06:26:43,EMP3,GH3,OUT
549,2025-05-23T07:21:48,EMP9,GH3,IN
487,2025-05-23T08:15:23,EMP8,GH2,OUT
359,2025-05-23T08:37:37,EMP6,GH3,IN
232,2025-05-23T11:58:36,EMP4,GH1,IN
231,2025-05-23T12:04:32,EMP4,GH1,IN
602,2025-05-23T13:00:22,EMP10,GH3,IN
163,2025-05-23T13:45:24,EMP3,GH3,OUT
165,2025-05-23T13:46:52,EMP3,GH3,OUT
550,2025-05-23T14:04:12,EMP9,GH3,OUT
420,2025-05-23T16:13:35,EMP7,GH2,IN
421,2025-05-23T16:17:28,EMP7,GH2,IN
104,2025-05-23T16:46:40,EMP2,GH1,IN
44,2025-05-23T17:20:59,EMP1,GH1,OUT
601,2025-05-23T17:48:03,EMP10,GH3,IN
360,2025-05-23T19:07:47,EMP6,GH3,OUT
293,2025-05-23T20:48:47,EMP5,GH3,IN
422,2025-05-23T20:52:19,EMP7,GH2,IN
106,2025-05-24T06:46:37,EMP2,GH1,OUT
423,2025-05-24T07:57:10,EMP7,GH3,OUT
105,2025-05-24T08:51:17,EMP2,GH1,IN
234,2025-05-24T11:02:18,EMP4,GH1,OUT
294,2025-05-24T11:38:05,EMP5,GH1,OUT
168,2025-05-24T11:44:12,EMP3,GH1,IN
489,2025-05-24T12:07:33,EMP8,GH3,OUT
551,2025-05-24T12:19:09,EMP9,GH2,IN
552,2025-05-24T12:19:31,EMP9,GH2,OUT
424,2025-05-24T13:02:52,EMP7,GH3,OUT
107,2025-05-24T13:30:34,EMP2,GH1,IN
295,2025-05-24T15:04:08,EMP5,GH1,IN
233,2025-05-24T15:18:33,EMP4,GH1,OUT
45,2025-05-24T16:18:36,EMP1,GH3,OUT
166,2025-05-24T17:00:04,EMP3,GH1,OUT
167,2025-05-24T17:49:32,EMP3,GH1,OUT
361,2025-05-24T18:47:39,EMP6,GH2,OUT
603,2025-05-24T18:51:13,EMP10,GH2,IN
488,2025-05-24T19:51:48,EMP8,GH3,OUT
110,2025-05-25T08:03:24,EMP2,GH3,OUT
490,2025-05-25T08:37:44,EMP8,GH2,IN
298,2025-05-25T09:22:03,EMP5,GH1,OUT
169,2025-05-25T09:58:07,EMP3,GH3,OUT
553,2025-05-25T11:19:39,EMP9,GH3,OUT
604,2025-05-25T12:19:33,EMP10,GH1,IN
46,2025-05-25T12:37:05,EMP1,GH1,IN
235,2025-05-25T12:44:06,EMP4,GH1,IN
605,2025-05-25T13:06:11,EMP10,GH1,IN
170,2025-05-25T13:18:08,EMP3,GH3,OUT
109,2025-05-25T14:26:52,EMP2,GH3,OUT
296,2025-05-25T16:16:41,EMP5,GH1,IN
47,2025-05-25T17:25:31,EMP1,GH1,IN
297,2025-05-25T18:10:56,EMP5,GH1,OUT
108,2025-05-25T20:17:56,EMP2,GH3,OUT
362,2025-05-25T20:46:23,EMP6,GH3,OUT
425,2025-05-25T20:55:20,EMP7,GH3,OUT
426,2025-05-26T06:48:48,EMP7,GH1,OUT
365,2025-05-26T07:53:15,EMP6,GH1,IN
171,2025-05-26T09:19:23,EMP3,GH3,OUT
172,2025-05-26T11:21:28,EMP3,GH3,IN
299,2025-05-26T13:44:31,EMP5,GH2,IN
606,2025-05-26T13:49:23,EMP10,GH3,IN
493,2025-05-26T13:58:30,EMP8,GH3,OUT
237,2025-05-26T14:21:59,EMP4,GH3,OUT
554,2025-05-26T14:40:05,EMP9,GH1,OUT
48,2025-05-26T15:44:15,EMP1,GH3,IN
236,2025-05-26T16:30:55,EMP4,GH3,OUT
363,2025-05-26T17:48:55,EMP6,GH1,IN
492,2025-05-26T18:08:22,EMP8,GH3,OUT
111,2025-05-26T19:22:58,EMP2,GH3,IN
491,2025-05-26T19:40:37,EMP8,GH3,IN
364,2025-05-26T19:58:42,EMP6,GH1,IN
427,2025-05-26T20:36:40,EMP7,GH1,OUT
609,2025-05-27T06:00:22,EMP10,GH3,IN
366,2025-05-27T06:42:06,EMP6,GH2,OUT
112,2025-05-27T07:04:30,EMP2,GH3,IN
367,2025-05-27T07:10:02,EMP6,GH2,OUT
300,2025-05-27T07:15:46,EMP5,GH1,OUT
555,2025-05-27T07:51:55,EMP9,GH1,IN
174,2025-05-27T08:09:56,EMP3,GH1,IN
429,2025-05-27T08:11:33,EMP7,GH1,IN
301,2025-05-27T08:17:13,EMP5,GH1,OUT
607,2025-05-27T08:50:23,EMP10,GH3,OUT
494,2025-05-27T09:18:24,EMP8,GH2,OUT
113,2025-05-27T11:10:40,EMP2,GH3,OUT
238,2025-05-27T11:29:49,EMP4,GH3,IN
49,2025-05-27T13:53:57,EMP1,GH1,OUT
239,2025-05-27T14:27:20,EMP4,GH3,IN
428,2025-05-27T14:35:59,EMP7,GH1,IN
175,2025-05-27T15:06:31,EMP3,GH1,IN
173,2025-05-27T17:08:54,EMP3,GH1,IN
302,2025-05-27T17:30:47,EMP5,GH1,OUT
51,2025-05-27T18:56:22,EMP1,GH1,IN
608,2025-05-27T19:07:10,EMP10,GH3,IN
556,2025-05-27T19:28:10,EMP9,GH1,OUT
50,2025-05-27T20:31:33,EMP1,GH1,IN
178,2025-05-28T06:47:45,EMP3,GH2,OUT
368,2025-05-28T09:09:17,EMP6,GH3,IN
305,2025-05-28T10:41:03,EMP5,GH2,IN
304,2025-05-28T10:52:26,EMP5,GH2,IN
558,2025-05-28T11:57:56,EMP9,GH3,OUT
240,2025-05-28T12:31:44,EMP4,GH2,OUT
303,2025-05-28T12:37:12,EMP5,GH2,OUT
176,2025-05-28T13:43:21,EMP3,GH2,IN
52,2025-05-28T13:55:34,EMP1,GH3,IN
431,2025-05-28T14:01:54,EMP7,GH2,IN
495,2025-05-28T15:00:45,EMP8,GH2,IN
557,2025-05-28T15:02:07,EMP9,GH3,OUT
114,2025-05-28T15:24:44,EMP2,GH1,OUT
430,2025-05-28T16:51:34,EMP7,GH2,OUT
612,2025-05-28T17:28:00,EMP10,GH3,OUT
610,2025-05-28T19:58:26,EMP10,GH3,IN
177,2025-05-28T20:00:34,EMP3,GH2,IN
611,2025-05-28T20:31:16,EMP10,GH3,OUT
496,2025-05-29T06:14:50,EMP8,GH3,IN
307,2025-05-29T06:16:28,EMP5,GH3,OUT
497,2025-05-29T07:45:34,EMP8,GH3,OUT
559,2025-05-29T09:49:25,EMP9,GH1,OUT
614,2025-05-29T10:06:06,EMP10,GH2,IN
432,2025-05-29T10:25:33,EMP7,GH3,IN
241,2025-05-29T10:41:34,EMP4,GH2,IN
369,2025-05-29T10:54:34,EMP6,GH2,OUT
116,2025-05-29T11:30:47,EMP2,GH3,OUT
53,2025-05-29T12:18:02,EMP1,GH1,IN
370,2025-05-29T13:46:12,EMP6,GH2,IN
308,2025-05-29T15:34:16,EMP5,GH3,OUT
115,2025-05-29T16:15:24,EMP2,GH3,OUT
613,2025-05-29T16:21:55,EMP10,GH2,OUT
54,2025-05-29T16:41:48,EMP1,GH1,OUT
242,2025-05-29T17:13:31,EMP4,GH2,OUT
179,2025-05-29T18:11:33,EMP3,GH2,IN
433,2025-05-29T18:56:23,EMP7,GH3,IN
117,2025-05-29T19:35:43,EMP2,GH3,IN
434,2025-05-29T20:00:05,EMP7,GH3,IN
306,2025-05-29T20:05:25,EMP5,GH3,OUT
55,2025-05-29T20:48:40,EMP1,GH1,OUT
181,2025-05-30T06:11:59,EMP3,GH1,IN
561,2025-05-30T06:53:45,EMP9,GH1,OUT
615,2025-05-30T07:31:35,EMP10,GH2,OUT
119,2025-05-30T08:33:11,EMP2,GH2,OUT
371,2025-05-30T09:19:58,EMP6,GH2,IN
120,2025-05-30T09:26:08,EMP2,GH2,IN
437,2025-05-30T09:52:11,EMP7,GH3,OUT
498,2025-05-30T10:02:20,EMP8,GH2,OUT
500,2025-05-30T10:29:39,EMP8,GH2,IN
180,2025-05-30T10:43:08,EMP3,GH1,IN
245,2025-05-30T11:18:52,EMP4,GH2,OUT
243,2025-05-30T12:30:17,EMP4,GH2,OUT
310,2025-05-30T13:09:28,EMP5,GH2,IN
244,2025-05-30T13:13:43,EMP4,GH2,IN
560,2025-05-30T13:40:05,EMP9,GH1,OUT
562,2025-05-30T14:26:31,EMP9,GH1,OUT
309,2025-05-30T14:40:30,EMP5,GH2,IN
436,2025-05-30T14:51:42,EMP7,GH3,OUT
118,2025-05-30T15:08:54,EMP2,GH2,OUT
499,2025-05-30T16:52:23,EMP8,GH2,OUT
57,2025-05-30T18:26:12,EMP1,GH1,IN
616,2025-05-30T19:29:46,EMP10,GH2,OUT
56,2025-05-30T19:40:15,EMP1,GH1,IN
435,2025-05-30T20:36:20,EMP7,GH3,IN
59,2025-05-31T06:08:26,EMP1,GH3,IN
618,2025-05-31T06:53:04,EMP10,GH3,IN
374,2025-05-31T07:11:51,EMP6,GH1,OUT
121,2025-05-31T07:21:42,EMP2,GH1,IN
372,2025-05-31T08:37:32,EMP6,GH1,IN
438,2025-05-31T09:40:52,EMP7,GH1,IN
182,2025-05-31T09:41:05,EMP3,GH2,OUT
563,2025-05-31T11:29:40,EMP9,GH1,OUT
311,2025-05-31T11:43:57,EMP5,GH1,OUT
565,2025-05-31T11:45:52,EMP9,GH1,IN
617,2025-05-31T12:02:07,EMP10,GH3,IN
312,2025-05-31T12:13:06,EMP5,GH1,IN
564,2025-05-31T12:48:53,EMP9,GH1,OUT
58,2025-05-31T12:57:14,EMP1,GH3,IN
246,2025-05-31T14:13:13,EMP4,GH2,OUT
373,2025-05-31T15:30:55,EMP6,GH1,OUT
440,2025-05-31T15:51:46,EMP7,GH1,IN
619,2025-05-31T16:04:33,EMP10,GH3,IN
439,2025-05-31T16:17:18,EMP7,GH1,IN
183,2025-05-31T17:02:28,EMP3,GH2,OUT
501,2025-05-31T18:41:41,EMP8,GH1,IN
